Workout,Exercise
Back,Dumbbell Rows
Back,Lat Pulldown
Back,21s
Back,Cable Curls
Back,Cable Rope Pulls
Back,Cable Bar Curls
Back,Shoulder Press
Back,Cable Row Middle
Back,Forearm Curls
Back,Dumbell Curls
Back,Shoulder Flies
Back,Shoulder Shrugs
Chest,Dumbbell Bench
Chest,Dumbbell Incline Bench
Chest,Triceps Rope Pulldown
Chest,Triceps Cable Pullback
Chest,Cable Flies
Chest,Bench
Chest,Triceps Dumbbell Extension
Chest,Fly Machine
Legs,Leg Press
Legs,Lunges
Legs,Calf Raises
Legs,Leg Extension
Legs,Leg Curls
